author,published_date,title
Paul Trebilcox-Ruiz,26 Feb 2016,Introducing Brillo and Weave
Kirk Nelson,26 Feb 2016,10 Tips for Improving Your Photo Manipulation Skills
Marie Gardiner,26 Feb 2016,Look at This! A Special Portrait From Voodoo Macbeth 
Andrew Blackman,26 Feb 2016,Take a Free Course on Programming Interactive Art With p5.js
Sven Lenaerts,25 Feb 2016,How to Customize a Keynote Presentation Template Design
Marie Gardiner,27 Feb 2016,Dodge and Burn: Non-Destructive Local Contrast Adjustment in Adobe Photoshop  
Ian Yates,25 Feb 2016,"Weekly Inspiration: Scrollin’, Scrollin’, Scrollin’"
James Butler,26 Feb 2016,How to Draw Transport: Trucks & HGVs 
Charley Mendoza,27 Feb 2016,20 Cover Letter Examples
Abder-Rahman Ali,26 Feb 2016,A Smooth Refresher on Python's Modules
Adi Purdila,26 Feb 2016,What's New in Foundation 6
Grace Fussell,25 Feb 2016,How to Make a Brochure
Tom McFarlin,24 Feb 2016,How to Work With WordPress Metadata
Janie Kliever,24 Feb 2016,How to Design a Retro Poster in Adobe Illustrator
Sharon Milne,24 Feb 2016,How to Use Image Trace to Create a Surreal Portrait in Adobe Illustrator
Andrew Blackman,24 Feb 2016,Learn ON1 Photo 10 in Our New Course
Dennis Gaebel,24 Feb 2016,How to Conduct an Interface Inventory With InVision
Melody Nieves,24 Feb 2016,What are Photoshop Actions and How to Create Them?
Abder-Rahman Ali,24 Feb 2016,A Smooth Refresher on Python's Functions
Davis Allie,24 Feb 2016,Popular Open Source Projects for Swift Developments
Christer Kaitila,24 Feb 2016,Game Development for Kids
Barış Ünver,25 Feb 2016,Making an Original Corporate Theme in WordPress: Designing Other Page Types
Diana Toma,25 Feb 2016,How to Create Delicious Toast Icons in Adobe Illustrator
Derek Jensen,22 Feb 2016,How to Use Swift on Linux
Andrei Marius,23 Feb 2016,How to Create a Vector Map Infographic in Adobe Illustrator
Grace Fussell,23 Feb 2016,How to Create a Floral Wedding Invitation and Matching Envelope
Ed Wassermann,22 Feb 2016,Project: The Post Page of our Static Middleman Website
Johnny Winter,24 Feb 2016,Google's Chromebook Explored and Explained
Sean Hodge,23 Feb 2016,"15 Premium Business Card Templates (In Photoshop, Illustrator, & InDesign Formats)"
Andrew Blackman,23 Feb 2016,New Course: Illustrating a Character for Fantasy or Sci-Fi
Barış Ünver,22 Feb 2016,Exploring WordPress Managers: iThemes Sync & WP Remote
Abder-Rahman Ali,25 Feb 2016,A Smooth Refresher on Python's Classes and Objects
Michael James Williams,23 Feb 2016,Why a High Bounce Rate Isn’t Necessarily a Bad Thing
Gigi Sayfan,23 Feb 2016,Python 3 Type Hints and Static Analysis
Adam Burucs,23 Feb 2016,Remixing Cosmic Gate—Body of Conflict
Alireza Rahmani Khalili,22 Feb 2016,What Are Laravel 5.0 Facades?
Monika Zagrobelna,22 Feb 2016,How to Draw
Barış Ünver,23 Feb 2016,Making an Original Corporate Theme in WordPress: The Homepage and About Page
Andrew Childress,23 Feb 2016,"Lightroom Does What?! Handy Tips, Tricks, and Tools You Might Have Missed"
Sean Hodge,22 Feb 2016,We’re Hiring Business Writers at Envato Tuts+
Charley Mendoza,22 Feb 2016,How to Write a Cover Letter - The Ultimate Guide
Shruti Shekar,21 Feb 2016,Weekly What's Up: Introduction to Creative Camera Movement With Cindy Burgess
Ed Wassermann,22 Feb 2016,Project: Continuing Our Website Build With Middleman
Uriel Deveaud,22 Feb 2016,"
Replacing Broken and Cracked Wall in a Live Action Footage Using 3D Tracking"
David Bode,22 Feb 2016,3 Free Ways to Join Spanned AVCHD Video Files into Continuous Clips on Windows
Harry Guinness,19 Feb 2016,How to Use Environmental Lighting Sources for Natural Portraiture
Ed Wassermann,18 Feb 2016,Ruby/Rails Code Smell Basics 01
Melody Nieves,18 Feb 2016,How to Fix Color Errors in Digital Painting With Adobe Photoshop
Mary Winkler,19 Feb 2016,International Artist Feature: South Africa
Stuart Memo,18 Feb 2016,Introduction to Web MIDI
Marie Gardiner,18 Feb 2016,Look at This! An Aerial Photographer's View of The World
Tom McFarlin,19 Feb 2016,Building Quality Into WordPress Projects: A Practical Example
Barış Ünver,18 Feb 2016,"Exploring WordPress Managers: ManageWP, CMS Commander & MainWP"
Nataliya Dolotko,18 Feb 2016,How to Create a Sleeping Cat on a Pile of Books and Indoor Plants in Adobe Illustrator
Anwar Haq,19 Feb 2016,Moving to Magento 2: Creating a Migration Plan
Grace Fussell,19 Feb 2016,10 Design Tips for Creating Mouth-Watering Menus
Ian Yates,19 Feb 2016,Weekly Inspiration: 15+ Portfolio Building Tools
Rob Mayzes,19 Feb 2016,EQ For Beginners Part 1: What You Need To Know
Kirk Nelson,17 Feb 2016,How to Create a Rusted Metal Text Effect in Adobe Photoshop
Harry Guinness,16 Feb 2016,What is HDR Video? 3 Ways to Create High Dynamic Range Video
Ian Spangler,17 Feb 2016,Build a Custom Affiliate Link With the Amazon Product Merchandising API
Melody Nieves,22 Feb 2016,Digital Painting Tips: How to Pick the Right Brushes
Andrew Blackman,16 Feb 2016,New Course: How to Design Fantasy Vehicles
Gigi Sayfan,17 Feb 2016,Managing Your RabbitMQ Cluster
Andrei Marius,16 Feb 2016,How to Create a 3D Pie Chart Design in Adobe Illustrator
Joumana Medlej,15 Feb 2016,Geometric Design: How to Draw a Flowery Tiling Pattern
Andrei Stefan,17 Feb 2016,Illustrator in 60 Seconds: How to Create a Custom Workspace
Paul Trebilcox-Ruiz,17 Feb 2016,Google Fit for Android: Recording API
Kezz Bracey,17 Feb 2016,Designing for Business Goals in 60 Seconds
Sean Hodge,17 Feb 2016,"15 Creative, Infographic Resume Templates "
Laura Spencer,16 Feb 2016,How to Make a Resume 
Ashraff Hathibelagal,15 Feb 2016,How to Get Started With Push Notifications On Android
Harry Guinness,18 Feb 2016,How to Turn an iPhone or a Mac into a Wi-Fi Hotspot
Mary Winkler,16 Feb 2016,So You Want to Be a Fashion Illustrator?
Barış Ünver,16 Feb 2016,Exploring WordPress Managers: Jetpack & InfiniteWP
Kezz Bracey,15 Feb 2016,The (Seriously) Comprehensive Guide to Choosing a Web Host
Abder-Rahman Ali,15 Feb 2016,A Smooth Refresher on Python's Conditional Statements
Rob Mayzes,16 Feb 2016,12 Reasons Why You Should Match the Mic to the Vocalist
Chris O’Sullivan,16 Feb 2016,Mobile UI Design for Beginners: Grids
Manish Kumar (MK),16 Feb 2016,Improving the Performance of Your Rails App With Eager Loading
David Bode,16 Feb 2016,How to Encode ProRes Video Files for Free on Windows with FFmpeg and Avanti 
Andrew Blackman,17 Feb 2016,New Course: Write Customizer-Ready WordPress Themes
Ed Wassermann,16 Feb 2016,Project: Build a Complete Website With Middleman
Sean Hodge,12 Feb 2016,Top New WordPress Themes of 2016
Kirk Nelson,12 Feb 2016,How to Age a Photo in Adobe Photoshop
CJ Melegrito,15 Feb 2016,Sketch App for Beginners: Envato at Pause Fest
Shruti Shekar,13 Feb 2016,Weekly What's Up: Cinematic Aerial Video and Photography
Bart Jacobs,12 Feb 2016,20 Useful iOS Icon & App Template Resources
Annie Mueller,15 Feb 2016,What Is Productivity? 
Mary Winkler,12 Feb 2016,"Envato Tuts+ Community Challenge: Created by You, February Edition"
Mike Elliott,12 Feb 2016,Sound Design: Scary Monsters and Nice Sprites
Melody Nieves,15 Feb 2016,How to Digitally Paint Faces With Incredible Likeness
Bart Jacobs,19 Feb 2016,20 Material Design Resources
Dawn Oosterhoff,12 Feb 2016,How to Craft a Compelling Photo Story with Exposure
Tom McFarlin,12 Feb 2016,How to Install WordPress: The Application
Uriel Deveaud,15 Feb 2016,Creating Wind Chimes Animation Using Mass FX in 3ds Max
Mary Winkler,10 Feb 2016,10 Top Tips for Creating Cute Kawaii Art
Pilar Newton,11 Feb 2016,Animation for Beginners: How to Animate a Character Running
Sajal Soni,11 Feb 2016,Create a Dashboard Module in OpenCart
Julia Melymbrose,11 Feb 2016,What Is Branding?
Dawn Oosterhoff,11 Feb 2016,Look at This! See How Walker Evans Plays with Space and Time
Ian Yates,10 Feb 2016,Weekly Inspiration: HTML Email Worth Opening
Rose,11 Feb 2016,How to Create a 3D Antique Metal Text Effect in Adobe Photoshop
Nataliya Dolotko,10 Feb 2016,How to Create a Character Kit in Adobe Illustrator
Andrew Blackman,10 Feb 2016,Free Course: How to Use Swift on Linux
Harry Guinness,11 Feb 2016,When Size Matters: iPhone 6S Versus iPhone 6S Plus
George Martsoukos,11 Feb 2016,How to Use jQuery’s “ajax” Function
Davis Allie,10 Feb 2016,iOS 9: Additions to SceneKit
Christine Rage,9 Feb 2016,How to Rock a Singing Audition
Sajal Soni,9 Feb 2016,How to Create a Custom Library in OpenCart
George Martsoukos,9 Feb 2016,A Beginner’s Guide to AJAX with jQuery
Jay,10 Feb 2016,10 Time-Saving Tips for UNIX Vim Beginners
Jay Inman,10 Feb 2016,How to Clean Up Noisy Footage with Neat Video
Andrew Blackman,9 Feb 2016,New Course: Cinematic Drone Video Post-Production
Monika Zagrobelna,9 Feb 2016,How to Create a Simple Geometric Vector Deadpool in Adobe Photoshop
Charles Yeager,9 Feb 2016,How to Create a 3D Virtual Reality Video With After Effects
Brad Smith,9 Feb 2016,What Is a Landing Page?
Sean Hodge,10 Feb 2016,Kickstart 2016 With a Creative Monthly Calendar Template
Barış Ünver,9 Feb 2016,Checklist for Delivering a WordPress Project
Grace Fussell,9 Feb 2016,How to Create a Playing-Card-Style Valentine’s in Adobe InDesign
Andrew Childress,9 Feb 2016,How to Make a Panorama with Adobe Lightroom's New Boundary Warp Feature
Andrew Blackman,5 Feb 2016,New Course: Building WordPress Themes With Bootstrap
Mary Winkler,8 Feb 2016,How to Create Mooncake and Dim Sum Icons for Chinese New Year
Paul Trebilcox-Ruiz,8 Feb 2016,Google Fit for Android: Reading Sensor Data
Abder-Rahman Ali,8 Feb 2016,A Smooth Refresher on Python's Tuples
Kirk Nelson,8 Feb 2016,How to Use Color Look-Up Tables
Harry Guinness,8 Feb 2016,How to Use Blend If in Adobe Photoshop in 60 Seconds
Char Reed,8 Feb 2016,How to Create a Monkey Caricature for Chinese New Year
Kendra Schaefer,8 Feb 2016,Happy Year of the Monkey! Decrypting Chinese New Year’s Symbolism in UI Design
Andrew Blackman,8 Feb 2016,How to Write a Business Plan
Sean Hodge,8 Feb 2016,Top New Presentation Templates of 2016
Tom Whitbread,8 Feb 2016,Rapid Web Application Development With Meteor
Mary Winkler,5 Feb 2016,International Artist Feature: Russia
George Martsoukos,4 Feb 2016,An Example of AJAX with Vanilla Javascript
Tom McFarlin,5 Feb 2016,How to Install WordPress: The Server Software
Sven Lenaerts,5 Feb 2016,How to Grow Your App Team
Sean Hodge,4 Feb 2016,15 Best Google Slides Presentation Themes (Premium Templates to Download)
Yulia Sokolova,5 Feb 2016,How to Create a Set of Fitness Icons in Adobe Illustrator
Kyle Davis,4 Feb 2016,Adding Social Sharing in a Node.js Single-Page Application
Andrei Stefan,4 Feb 2016,Illustrator in 60 Seconds: How to Create and Export Color Swatches
Marie Gardiner,4 Feb 2016,Look at This! Pictures of the Great Depression by Berenice Abbott and Dorothea Lange
Harry Guinness,5 Feb 2016,What is the Golden Hour?
Ian Yates,4 Feb 2016,Weekly Inspiration: Big Smiles in Web Design
Evgeny Poberezkin ,5 Feb 2016,"Validating Data With JSON-Schema, Part 2"
Paul Trebilcox-Ruiz,3 Feb 2016,How to Recognize User Activity With Activity Recognition
Evgeny Poberezkin ,3 Feb 2016,"Validating Data With JSON-Schema, Part 1"
Nataliya Dolotko,3 Feb 2016,How to Create a Knitted Pattern in Adobe Illustrator
Ed Wassermann,3 Feb 2016,Ruby Page Objects for Capybara Connoisseurs
Sajal Soni,4 Feb 2016,Explore REST APIs in OpenCart 2.0: Part Two
Jenny Le,3 Feb 2016,How to Create a Winter Landscape Photo Manipulation With Adobe Photoshop
Sharon Milne,4 Feb 2016,How to Create a Greyscale Monochrome Vector Portrait in Adobe Illustrator
Anthony James,3 Feb 2016,How to Set and Control Your  Camera Manually for Night Photography
Brenda Barron,3 Feb 2016,What Is Moodle?
Andrew Blackman,3 Feb 2016,New eBooks Available for Subscribers
Sonny Bone,3 Feb 2016,How to Use Tile Bitmasking to Auto-Tile Your Level Layouts
Rob Mayzes,4 Feb 2016,How to Write Music With Apple Music Memos
Celine Roque,1 Feb 2016,How to Simplify Your Business Ideas
Ben Byford,1 Feb 2016,How to Develop a Processwire Theme
Abder-Rahman Ali,1 Feb 2016,A Smooth Refresher on Python's Dictionaries
Sajal Soni,2 Feb 2016,Explore REST APIs in OpenCart 2.0: Part One
Adi Purdila,2 Feb 2016,How to Optimize WordPress Websites
Alireza Rahmani Khalili,2 Feb 2016,Test-Driven Development With Laravel & Doctrine
René Alejandro Hernández,2 Feb 2016,How to Create an Animated Pixel Art Video Game Sprite in Adobe Photoshop
George Martsoukos,2 Feb 2016,An Introduction to AJAX for Front-End Designers
Shruti Shekar,1 Feb 2016,"Weekly What's Up: Capture One for Fashion, Blend If, Drone Video"
Laura Spencer,2 Feb 2016,What Is eCommerce?
Vivek Maskara,1 Feb 2016,How to Use MVVM in a Universal Windows App
Grace Fussell,2 Feb 2016,8 Creative Tips for Creating Your Own Valentine’s Cards
Maria Dimova,29 Jan 2016,How to Create a 50s Fashion Illustration in Adobe Illustrator
Tom Whitbread,1 Feb 2016,Writing Blazing Fast MySQL Queries
Patty Way,29 Jan 2016,Casting the Right Crooner
Harry Guinness,29 Jan 2016,Look at This! An Unusual Underwater Portrait
Andrew Blackman,29 Jan 2016,"Want to Learn Something New, in Just 60 Seconds?"
Brad Smith,29 Jan 2016,How to Write a Professional PowerPoint Presentation (Discover the Writing Process)
Abder-Rahman Ali,29 Jan 2016,A Smooth Refresher on Python's Lists
Davis Allie,29 Jan 2016,How to Create Custom View Controller Transitions and Animations
Anastasia Purtova,1 Feb 2016,How to Create Pixel Art in Paint Tool SAI
Yulia Sokolova,29 Jan 2016,How to Create a Retro Funfair Vector in Adobe Illustrator 
Dawn Oosterhoff,29 Jan 2016,Black and White Fun with Macphun's Tonality
Tom McFarlin,29 Jan 2016,How to Install a WordPress Plugin
Sajal Soni,28 Jan 2016,Create a Custom Shipping Method in OpenCart: Part Two
Mary Winkler,28 Jan 2016,How to Create a Beauty-Inspired Illustration in Adobe Illustrator
Chris Skaggs,28 Jan 2016,Text Input for Games With Just an Intel RealSense Camera
Rachel McCollin,28 Jan 2016,How to Make WooCommerce Product Attributes More Prominent
Yulia Sokolova,27 Jan 2016,How to Create a Bird's-Eye View of Retro Cars in Adobe Illustrator 
Andrew Blackman,28 Jan 2016,New Course on Reprography: Transferring Artwork to the Digital Domain
Grace Fussell,28 Jan 2016,How to Create a Vintage Event Poster in Adobe InDesign
Davis Allie,27 Jan 2016,iOS 9: An Introduction to the Contacts Framework
Andrew Blackman,28 Jan 2016,New Course: A Beginner's Guide to Web Accessibility
Ed Wassermann,28 Jan 2016,"Working with Data, Assets, and Templates in Middleman"
Eric Dye,28 Jan 2016,20 Useful WordPress Forms Available on CodeCanyon
Johnny Winter,29 Jan 2016,20 Premium After Effects Scripts
Andrew Blackman,27 Jan 2016,New Course: Surreal Digital Painting
Ed Wassermann,27 Jan 2016,Factory Girl 201
Christine Rage,27 Jan 2016,Improve Singing Performance With In-Ear Monitors
Sven Lenaerts,27 Jan 2016,How to Create a Keynote Presentation Template Design
Andrew Childress,27 Jan 2016,All About Adobe Lightroom Stacks
Harry Guinness,27 Jan 2016,What is HDR? How to Create High Dynamic Range Photography
Kirk Nelson,27 Jan 2016,How to Use Adobe Fuse to Recreate the Drive-in Scene From Grease 
Sajal Soni,27 Jan 2016,Create a Custom Shipping Method in OpenCart: Part One
Andrew Blackman,27 Jan 2016,New Short Course: Get Started With Lumen
Ed Wassermann,27 Jan 2016,How to Setup a Static Website with Middleman 
Rahul Saigal,27 Jan 2016,How to Take Advantage of Advanced Features in Safari in OS X El Capitan
Nicole Bowes,27 Jan 2016,It's Back... Student Subscriptions for Just $45!
Laura Spencer,26 Jan 2016,How to Write a Winning Business Proposal
Andrew Blackman,25 Jan 2016,What Is Business Intelligence?
Mike Stout,26 Jan 2016,A Beginner's Guide to Designing Video Game Levels
Andrei Stefan,26 Jan 2016,"How to Create the Iconic ""T Birds"" Jacket Logo From Grease"
Andrew Childress,25 Jan 2016,Adobe Photoshop Lightroom in 60 Seconds
Mary Winkler,26 Jan 2016,10 Top Tips for Creating Retro-Inspired Designs
Andrei Stefan,26 Jan 2016,How to Create a Retro High-School Icon Pack in Adobe Illustrator
Amy Touchette,26 Jan 2016,Street Photography: How to See and Use Daylight Creatively
Jeff Reifman,26 Jan 2016,Introduction to Google DFP: Debugging Ad Delivery
Andreia Paralta Carqueija,26 Jan 2016,Quick Tip: How to Run a Guerrilla Testing Session
Charles Yeager,26 Jan 2016,How to Create 8K Environment Maps in After Effects
Shruti Shekar,25 Jan 2016,"Weekly What's Up: Affinity Photo, Lightroom, Street Photography, HDR, Tonality CK"
Eli Schiff,25 Jan 2016,Why You Should Avoid Vibrating Color Combinations
Barış Ünver,25 Jan 2016,"Fortifying Security in WordPress, Part 1"
Rachel McCollin,22 Jan 2016,"Display WooCommerce Categories, Subcategories, and Products in Separate Lists"
Julia Melymbrose,25 Jan 2016,7 Creative Resume Ideas to Stand Out Online
Mary Winkler,22 Jan 2016,International Artist Feature: Germany
Bart Jacobs,22 Jan 2016,How to Create an App
Sajal Soni,25 Jan 2016,Understand Geo-Zones and Taxes in OpenCart
Daniel Williams,25 Jan 2016,How to Build Highway Dodge With the Corona SDK
Rose,25 Jan 2016,How to Create a Retro Chrome Text Effect in Adobe Photoshop
Rowena Aitken,25 Jan 2016,How to Create a Summer Lovin' Digital Painting With Natural Adobe Photoshop Brushes
Michael James Williams,22 Jan 2016,An Introduction to Intel RealSense Technology for Game Developers
Barış Ünver,26 Jan 2016,"Fortifying Security in WordPress, Part 2"
Rob Mayzes,21 Jan 2016,DIY Vocal Booth Part 2: How To Create a Free Vocal Booth 
Celine Roque,22 Jan 2016,How to Write a Case Study That Attracts Clients
Kirk Nelson,21 Jan 2016,Photoshop in 60 Seconds: Content Aware Fill in Practice 
Harry Guinness,21 Jan 2016,Look at This! Diving for the Ball
Jeffrey Opp,22 Jan 2016,How to Use Google Maps as a Camera in 3 Distinctive Ways
Andreia Paralta Carqueija,21 Jan 2016,Web Designers: Roll up Your Sleeves and Sketch!
Grace Fussell,22 Jan 2016,How to Create a Logo
Tom Whitbread,22 Jan 2016,Creating Single Page Applications With WordPress and Angular.js
Stuart Memo,21 Jan 2016,Keeping Promises With JavaScript
Jeff Reifman,21 Jan 2016,How to Make WordPress Sites Different by Geography
Rachel McCollin,21 Jan 2016,WooCommerce: Adding the Product Short Description to Archive Pages
Andrew Blackman,20 Jan 2016,New Course: Create a Surreal Scene With Photo Manipulation
Uriel Deveaud,22 Jan 2016,Multi Pass Rendering and Compositing in 3ds Max and After Effects—Part 2
Barış Ünver,20 Jan 2016,How to Use WordPress Plugins Without Hurting Performance
Sean Hodge,20 Jan 2016,10 Best Keynote Presentation Templates
Rose,20 Jan 2016,How to Create a Shiny 3D Text Effect in Adobe Photoshop
Patrick Holleman,20 Jan 2016,The Super Mario World Method: Understanding Skill Themes
Joumana Medlej,21 Jan 2016,"Geometric Design: The ""Heavenly City"" Diagram"
Dawn Oosterhoff,20 Jan 2016,The ABCs of Photo Sorting: How to Turn a Mess of Pictures into an Organized Collection
Akiel Khan,20 Jan 2016,How To Create Vector Graphics on iOS
Jeff Reifman,20 Jan 2016,Clone WordPress in Linux
Ian Yates,20 Jan 2016,"Weekly Inspiration: Good Golly, Gradients"
Johnny Winter,20 Jan 2016,How to Change the Web Browser Default Search Engine in OS X
Ajit Umrani,20 Jan 2016,How to Improve Client Relationships With Assembla Portfolio
Andrew Blackman,19 Jan 2016,New Course: Web App to Mac App With NW.js
Hardy Fowler,19 Jan 2016,Inking a Digital Painting in Adobe Photoshop
Grace Fussell,19 Jan 2016,10 Top Tips for Designing Your Own Business Cards
Daniel Pataki,19 Jan 2016,Getting Started With Laravel
Yulia Sokolova,19 Jan 2016,How to Create a Scrolling Background in Affinity Designer
Brenda Barron,19 Jan 2016,How to Increase Your Income with Graphic Design Templates
Francesco Schwarz,19 Jan 2016,4 Reasons to Choose ProcessWire as Your Next CMS
Andrew Childress,19 Jan 2016,Next-Level Lightroom: How to Go Beyond Import and Edit
James Thomas,20 Jan 2016,What is 3D Printing?
Rob Mayzes,20 Jan 2016,DIY Vocal Booth Part 1: The Key to a Good Vocal/Voice Recording
Sven Lenaerts,19 Jan 2016,User Onboarding vs. Intuition: How to Welcome New Users
Mary Winkler,20 Jan 2016,So You Want to Be a Packaging Designer?
Adam Brown,16 Jan 2016,Quiz: Are You Ready for watchOS 2?
Dawn Oosterhoff,15 Jan 2016,"What's in a Name? Nomenclature, File Structure, and How to Save Digital Images"
Tomomi Imura,18 Jan 2016,How to Create a Smart Device With Arduino and Node.js Using PubNub
Anastasia Purtova,18 Jan 2016,How to Create a Cute Animal Character in Paint Tool SAI
Ben Byford,18 Jan 2016,How to Install and Setup ProcessWire CMS
Mary Winkler,15 Jan 2016,"Envato Tuts+ Community Challenge: Created by You, January Edition"
Vivek Maskara,18 Jan 2016,How To Add Azure Mobile Services to a Windows Phone App
Marie Gardiner,18 Jan 2016,How to Be a Wedding Photographer in 60 Seconds
Barış Ünver,18 Jan 2016,"The Concept of ""Plugin Territory"" in WordPress"
Charley Mendoza,18 Jan 2016,How to Make Your First Job Resume Stand Out
Shruti Shekar,18 Jan 2016,"Weekly What's Up: Digitization, Lightroom, Weddings, Photos Underwater, Google-as-Camera"
Andrei Stefan,18 Jan 2016,Illustrator in 60 Seconds: Grids
